ADC,Channel,VBR,VBR_Error
0,4,6.92375e-310,6.95269e-310
0,5,52.1649,0.0136187
0,6,6.92375e-310,6.95269e-310
0,7,6.92375e-310,6.95269e-310
0,8,52.4613,0.0124387
0,9,51.5682,0.0157979
0,10,6.92375e-310,6.95269e-310
0,11,6.92375e-310,6.95269e-310
0,12,52.8971,0.00192843
0,13,52.6135,0.00144236
0,14,6.92375e-310,6.95269e-310
0,15,6.92375e-310,6.95269e-310
0,20,6.92375e-310,6.95269e-310
0,21,51.9291,0.0150255
0,22,6.92375e-310,6.95269e-310
0,23,50.5933,0.053369
0,24,51.0072,0.0226483
0,25,52.1978,0.0123316
0,26,6.92375e-310,6.95269e-310
0,27,52.0588,0.0184292
0,28,52.4776,0.0100997
0,29,53.5099,0.0128722
0,30,52.1407,0.0161213
0,31,50.9876,0.0189845
0,36,50.7989,0.0260693
0,37,51.089,0.0268833
0,38,51.0566,0.0321629
0,39,52.0199,0.0145534
0,40,51.0433,0.0113877
0,41,6.92375e-310,6.95269e-310
0,42,51.7558,0.0141752
0,43,51.5417,0.0219574
0,44,51.7718,0.0158387
0,45,6.92375e-310,6.95269e-310
0,46,51.2118,0.0261993
0,47,6.92375e-310,6.95269e-310
0,52,51.8547,0.0180885
0,53,6.92375e-310,6.95269e-310
0,54,6.92375e-310,6.95269e-310
0,55,52.3528,0.0139663
0,56,6.92375e-310,6.95269e-310
0,57,51.1986,0.0252003
0,58,51.9935,0.0166341
0,59,52.3998,0.010151
0,60,50.8106,0.0351945
0,61,51.1859,0.020616
0,62,6.92375e-310,6.95269e-310
0,63,51.2742,0.0280054
1,4,51.3871,0.0313512
1,5,51.8716,0.0200831
1,6,51.96,0.0124822
1,7,50.7628,0.0290205
1,8,51.5062,0.0252185
1,9,51.7405,0.0174204
1,10,51.4681,0.0192811
1,11,6.92375e-310,6.95269e-310
1,12,51.0891,0.0195267
1,13,52.3436,0.0116285
1,14,6.92375e-310,6.95269e-310
1,15,51.8289,0.0150546
1,20,6.92375e-310,6.95269e-310
1,21,6.92375e-310,6.95269e-310
1,22,6.92375e-310,6.95269e-310
1,23,6.92375e-310,6.95269e-310
1,24,6.92375e-310,6.95269e-310
1,25,6.92375e-310,6.95269e-310
1,26,50.6397,0.0549847
1,27,52.6135,0.0240883
1,28,50.3526,0.0690716
1,29,53.4731,0.00329089
1,30,6.92375e-310,6.95269e-310
1,31,51.1169,0.0584226
1,36,6.92375e-310,6.95269e-310
1,37,6.92375e-310,6.95269e-310
1,38,6.92375e-310,6.95269e-310
1,39,6.92375e-310,6.95269e-310
1,40,6.92375e-310,6.95269e-310
1,41,6.92375e-310,6.95269e-310
1,42,52.7527,0.000199729
1,43,6.92375e-310,6.95269e-310
1,44,6.92375e-310,6.95269e-310
1,45,6.92375e-310,6.95269e-310
1,46,6.92375e-310,6.95269e-310
1,47,6.92375e-310,6.95269e-310
1,52,6.92375e-310,6.95269e-310
1,53,6.92375e-310,6.95269e-310
1,54,6.92375e-310,6.95269e-310
1,55,50.8238,0.170559
1,56,6.92375e-310,6.95269e-310
1,57,51.7225,0.3149
1,58,6.92375e-310,6.95269e-310
1,59,6.92375e-310,6.95269e-310
1,60,6.92375e-310,6.95269e-310
1,61,6.92375e-310,6.95269e-310
1,62,6.92375e-310,6.95269e-310
1,63,6.92375e-310,6.95269e-310
2,4,6.92375e-310,6.95269e-310
2,5,6.92375e-310,6.95269e-310
2,6,52.652,0.000816181
2,7,6.92375e-310,6.95269e-310
2,8,6.92375e-310,6.95269e-310
2,9,6.92375e-310,6.95269e-310
2,10,6.92375e-310,6.95269e-310
2,11,6.92375e-310,6.95269e-310
2,12,6.92375e-310,6.95269e-310
2,13,6.92375e-310,6.95269e-310
2,14,6.92375e-310,6.95269e-310
2,15,6.92375e-310,6.95269e-310
2,20,6.92375e-310,6.95269e-310
2,21,6.92375e-310,6.95269e-310
2,22,6.92375e-310,6.95269e-310
2,23,6.92375e-310,6.95269e-310
2,24,52.143,0.000631554
2,25,52.3215,0.000346304
2,26,52.5142,0.000107099
2,27,52.5202,6.90043e-05
2,28,6.92375e-310,6.95269e-310
2,29,6.92375e-310,6.95269e-310
2,30,6.92375e-310,6.95269e-310
2,31,6.92375e-310,6.95269e-310
2,36,52.2972,0.000493882
2,37,6.92375e-310,6.95269e-310
2,38,6.92375e-310,6.95269e-310
2,39,6.92375e-310,6.95269e-310
2,40,6.92375e-310,6.95269e-310
2,41,6.92375e-310,6.95269e-310
2,42,6.92375e-310,6.95269e-310
2,43,6.92375e-310,6.95269e-310
2,44,6.92375e-310,6.95269e-310
2,45,52.4979,1.49351e-05
2,46,52.3273,0.000361217
2,47,6.92375e-310,6.95269e-310
2,52,6.92375e-310,6.95269e-310
2,53,6.92375e-310,6.95269e-310
2,55,6.92375e-310,6.95269e-310
2,56,52.1469,0.0010534
2,57,6.92375e-310,6.95269e-310
2,58,52.4109,0.000253922
2,59,6.92375e-310,6.95269e-310
2,60,52.4925,2.92183e-05
2,61,6.92375e-310,6.95269e-310
2,62,6.92375e-310,6.95269e-310
2,63,6.92375e-310,6.95269e-310
3,4,6.92375e-310,6.95269e-310
3,5,52.4959,1.82494e-05
3,6,6.92375e-310,6.95269e-310
3,7,6.92375e-310,6.95269e-310
3,8,6.92375e-310,6.95269e-310
3,9,6.92375e-310,6.95269e-310
3,10,6.92375e-310,6.95269e-310
3,11,6.92375e-310,6.95269e-310
3,12,6.92375e-310,6.95269e-310
3,13,6.92375e-310,6.95269e-310
3,14,6.92375e-310,6.95269e-310
3,15,6.92375e-310,6.95269e-310
3,20,6.92375e-310,6.95269e-310
3,21,6.92375e-310,6.95269e-310
3,22,6.92375e-310,6.95269e-310
3,23,6.92375e-310,6.95269e-310
3,24,6.92375e-310,6.95269e-310
3,25,6.92375e-310,6.95269e-310
3,26,6.92375e-310,6.95269e-310
3,27,6.92375e-310,6.95269e-310
3,28,6.92375e-310,6.95269e-310
3,29,6.92375e-310,6.95269e-310
3,30,6.92375e-310,6.95269e-310
3,31,6.92375e-310,6.95269e-310
3,36,6.92375e-310,6.95269e-310
3,37,55.3531,0.0177243
3,38,6.92375e-310,6.95269e-310
3,39,6.92375e-310,6.95269e-310
3,40,6.92375e-310,6.95269e-310
3,41,52.4733,6.39695e-05
3,42,6.92375e-310,6.95269e-310
3,43,6.92375e-310,6.95269e-310
3,44,6.92375e-310,6.95269e-310
3,45,6.92375e-310,6.95269e-310
3,47,6.92375e-310,6.95269e-310
3,52,6.92375e-310,6.95269e-310
3,53,6.92375e-310,6.95269e-310
3,54,6.92375e-310,6.95269e-310
3,55,6.92375e-310,6.95269e-310
3,56,6.92375e-310,6.95269e-310
3,57,6.92375e-310,6.95269e-310
3,58,6.92375e-310,6.95269e-310
3,59,6.92375e-310,6.95269e-310
3,60,6.92375e-310,6.95269e-310
3,62,6.92375e-310,6.95269e-310
3,63,6.92375e-310,6.95269e-310
4,4,6.92375e-310,6.95269e-310
4,5,6.92375e-310,6.95269e-310
4,6,6.92375e-310,6.95269e-310
4,7,6.92375e-310,6.95269e-310
4,8,52.515,5.46067e-05
4,9,52.5141,6.30193e-05
4,10,6.92375e-310,6.95269e-310
4,11,6.92375e-310,6.95269e-310
4,12,52.3476,0.000343903
4,13,6.92375e-310,6.95269e-310
4,14,52.4923,9.52598e-05
4,15,52.4424,0.000124981
4,20,6.92375e-310,6.95269e-310
4,21,52.4865,4.91355e-05
4,22,6.92375e-310,6.95269e-310
4,23,52.4667,0.000104024
4,24,6.92375e-310,6.95269e-310
4,25,52.6432,0.00166795
4,26,6.92375e-310,6.95269e-310
4,27,6.92375e-310,6.95269e-310
4,28,6.92375e-310,6.95269e-310
4,29,6.92375e-310,6.95269e-310
4,30,6.92375e-310,6.95269e-310
4,31,6.92375e-310,6.95269e-310
4,36,6.92375e-310,6.95269e-310
4,37,52.0948,0.000463179
4,38,6.92375e-310,6.95269e-310
4,39,6.92375e-310,6.95269e-310
4,40,6.92375e-310,6.95269e-310
4,41,6.92375e-310,6.95269e-310
4,42,52.3435,0.00453121
4,43,52.4871,2.92994e-05
4,44,52.4924,2.35298e-05
4,45,6.92375e-310,6.95269e-310
4,46,6.92375e-310,6.95269e-310
4,47,6.92375e-310,6.95269e-310
4,52,6.92375e-310,6.95269e-310
4,53,6.92375e-310,6.95269e-310
4,54,6.92375e-310,6.95269e-310
4,55,6.92375e-310,6.95269e-310
4,56,6.92375e-310,6.95269e-310
4,57,6.92375e-310,6.95269e-310
4,58,6.92375e-310,6.95269e-310
4,59,6.92375e-310,6.95269e-310
4,60,6.92375e-310,6.95269e-310
4,61,6.92375e-310,6.95269e-310
4,62,6.92375e-310,6.95269e-310
4,63,52.4963,1.47301e-05
5,4,6.92375e-310,6.95269e-310
5,5,6.92375e-310,6.95269e-310
5,6,6.92375e-310,6.95269e-310
5,7,6.92375e-310,6.95269e-310
5,8,6.92375e-310,6.95269e-310
5,9,6.92375e-310,6.95269e-310
5,10,6.92375e-310,6.95269e-310
5,11,52.4959,1.56438e-05
5,12,6.92375e-310,6.95269e-310
5,13,6.92375e-310,6.95269e-310
5,14,6.92375e-310,6.95269e-310
5,15,6.92375e-310,6.95269e-310
5,20,6.92375e-310,6.95269e-310
5,21,52.4871,3.05161e-05
5,22,6.92375e-310,6.95269e-310
5,23,6.92375e-310,6.95269e-310
5,24,6.92375e-310,6.95269e-310
5,25,6.92375e-310,6.95269e-310
5,26,6.92375e-310,6.95269e-310
5,27,52.5846,0.000284218
5,28,6.92375e-310,6.95269e-310
5,29,52.4968,1.22687e-05
5,30,6.92375e-310,6.95269e-310
5,31,6.92375e-310,6.95269e-310
5,36,6.92375e-310,6.95269e-310
5,37,6.92375e-310,6.95269e-310
5,38,6.92375e-310,6.95269e-310
5,39,6.92375e-310,6.95269e-310
5,40,6.92375e-310,6.95269e-310
5,41,6.92375e-310,6.95269e-310
5,42,6.92375e-310,6.95269e-310
5,43,53.5731,0.0149562
5,44,6.92375e-310,6.95269e-310
5,45,6.92375e-310,6.95269e-310
5,46,6.92375e-310,6.95269e-310
5,47,6.92375e-310,6.95269e-310
5,52,52.0714,0.000565075
5,53,6.92375e-310,6.95269e-310
5,54,6.92375e-310,6.95269e-310
5,55,6.92375e-310,6.95269e-310
5,56,6.92375e-310,6.95269e-310
5,57,6.92375e-310,6.95269e-310
5,58,6.92375e-310,6.95269e-310
5,59,6.92375e-310,6.95269e-310
5,60,6.92375e-310,6.95269e-310
5,61,6.92375e-310,6.95269e-310
5,62,6.92375e-310,6.95269e-310
5,63,6.92375e-310,6.95269e-310
6,4,6.92375e-310,6.95269e-310
6,5,6.92375e-310,6.95269e-310
6,6,6.92375e-310,6.95269e-310
6,7,6.92375e-310,6.95269e-310
6,8,6.92375e-310,6.95269e-310
6,9,6.92375e-310,6.95269e-310
6,10,6.92375e-310,6.95269e-310
6,11,6.92375e-310,6.95269e-310
6,12,6.92375e-310,6.95269e-310
6,13,52.4972,1.62666e-05
6,14,52.5397,0.000411357
6,15,6.92375e-310,6.95269e-310
6,20,57.2804,0.0490731
6,21,6.92375e-310,6.95269e-310
6,22,52.2781,0.00338773
6,23,52.7003,0.00133288
6,24,6.92375e-310,6.95269e-310
6,25,52.4925,2.70319e-05
6,26,6.92375e-310,6.95269e-310
6,27,6.92375e-310,6.95269e-310
6,28,52.5874,0.000339234
6,29,6.92375e-310,6.95269e-310
6,30,6.92375e-310,6.95269e-310
6,31,6.92375e-310,6.95269e-310
6,36,6.92375e-310,6.95269e-310
6,37,6.92375e-310,6.95269e-310
6,38,6.92375e-310,6.95269e-310
6,39,6.92375e-310,6.95269e-310
6,40,52.5644,0.000434464
6,41,52.5876,0.000425896
6,42,52.4921,3.17334e-05
6,43,52.5273,0.000463512
6,44,6.92375e-310,6.95269e-310
6,45,6.92375e-310,6.95269e-310
6,46,171.631,100.107
6,47,90.2797,0.00372978
6,52,52.5413,0.00038345
6,53,52.5083,0.00040679
6,54,52.5184,0.00057072
6,55,52.5699,0.000580472
6,56,6.92375e-310,6.95269e-310
6,57,52.5173,0.00042932
6,58,52.5186,0.000324358
6,59,52.5572,0.000215893
6,60,52.5113,0.000658504
6,61,52.536,0.00117511
6,62,52.6185,0.000521066
6,63,6.92375e-310,6.95269e-310
7,4,45.4524,0.513514
7,5,6.92375e-310,6.95269e-310
7,6,52.4035,0.000441605
7,7,6.92375e-310,6.95269e-310
7,8,6.92375e-310,6.95269e-310
7,9,6.92375e-310,6.95269e-310
7,10,52.4917,5.1409e-05
7,11,52.2703,0.000542379
7,12,52.3408,0.000597527
7,13,6.92375e-310,6.95269e-310
7,14,6.92375e-310,6.95269e-310
7,15,6.92375e-310,6.95269e-310
7,20,52.4921,2.30869e-05
7,21,6.92375e-310,6.95269e-310
7,22,52.3308,0.000315756
7,23,6.92375e-310,6.95269e-310
7,24,6.92375e-310,6.95269e-310
7,25,52.3324,0.000269465
7,26,52.4601,7.32806e-05
7,27,6.92375e-310,6.95269e-310
7,28,52.2812,0.000308055
7,29,6.92375e-310,6.95269e-310
7,30,6.92375e-310,6.95269e-310
7,31,6.92375e-310,6.95269e-310
7,36,6.92375e-310,6.95269e-310
7,37,6.92375e-310,6.95269e-310
7,38,6.92375e-310,6.95269e-310
7,39,52.3302,0.00030388
7,40,6.92375e-310,6.95269e-310
7,41,6.92375e-310,6.95269e-310
7,42,6.92375e-310,6.95269e-310
7,43,52.2676,0.000342271
7,44,6.92375e-310,6.95269e-310
7,45,6.92375e-310,6.95269e-310
7,46,6.92375e-310,6.95269e-310
7,47,6.92375e-310,6.95269e-310
7,52,6.92375e-310,6.95269e-310
7,53,6.92375e-310,6.95269e-310
7,54,52.4557,0.000173476
7,55,6.92375e-310,6.95269e-310
7,56,6.92375e-310,6.95269e-310
7,57,6.92375e-310,6.95269e-310
7,58,52.4324,0.00020673
7,59,6.92375e-310,6.95269e-310
7,60,6.92375e-310,6.95269e-310
7,61,6.92375e-310,6.95269e-310
7,62,52.4959,2.88899e-05
7,63,6.92375e-310,6.95269e-310
