adc,channel,tpc,x,y,z,trap_type,active
0,0,0,0,0,0,ACL,0
0,1,0,0,0,0,ACL,0
0,2,0,0,0,0,ACL,0
0,3,0,0,0,0,ACL,0
0,4,0,0,0,0,ACL,1
0,5,0,0,0,0,ACL,1
0,6,0,0,0,0,ACL,1
0,7,0,0,0,0,ACL,1
0,8,0,0,0,0,ACL,1
0,9,0,0,0,0,ACL,1
0,10,0,0,0,0,ACL,1
0,11,0,0,0,0,ACL,1
0,12,0,0,0,0,ACL,1
0,13,0,0,0,0,ACL,1
0,14,0,0,0,0,ACL,1
0,15,0,0,0,0,ACL,1
0,16,0,0,0,0,ACL,0
0,17,0,0,0,0,ACL,0
0,18,0,0,0,0,ACL,0
0,19,0,0,0,0,ACL,0
0,20,0,0,0,0,ACL,1
0,21,0,0,0,0,ACL,1
0,22,0,0,0,0,ACL,1
0,23,0,0,0,0,ACL,1
0,24,0,0,0,0,ACL,1
0,25,0,0,0,0,ACL,1
0,26,0,0,0,0,ACL,1
0,27,0,0,0,0,ACL,1
0,28,0,0,0,0,ACL,1
0,29,0,0,0,0,ACL,1
0,30,0,0,0,0,ACL,1
0,31,0,0,0,0,ACL,1
0,32,1,0,0,0,ACL,0
0,33,1,0,0,0,ACL,0
0,34,1,0,0,0,ACL,0
0,35,1,0,0,0,ACL,0
0,36,1,0,0,0,ACL,1
0,37,1,0,0,0,ACL,1
0,38,1,0,0,0,ACL,1
0,39,1,0,0,0,ACL,1
0,40,1,0,0,0,ACL,1
0,41,1,0,0,0,ACL,1
0,42,1,0,0,0,ACL,1
0,43,1,0,0,0,ACL,1
0,44,1,0,0,0,ACL,1
0,45,1,0,0,0,ACL,1
0,46,1,0,0,0,ACL,1
0,47,1,0,0,0,ACL,1
0,48,1,0,0,0,ACL,0
0,49,1,0,0,0,ACL,0
0,50,1,0,0,0,ACL,0
0,51,1,0,0,0,ACL,0
0,52,1,0,0,0,ACL,1
0,53,1,0,0,0,ACL,1
0,54,1,0,0,0,ACL,1
0,55,1,0,0,0,ACL,1
0,56,1,0,0,0,ACL,1
0,57,1,0,0,0,ACL,1
0,58,1,0,0,0,ACL,1
0,59,1,0,0,0,ACL,1
0,60,1,0,0,0,ACL,1
0,61,1,0,0,0,ACL,1
0,62,1,0,0,0,ACL,1
0,63,1,0,0,0,ACL,1
1,0,0,0,0,0,LCM,0
1,1,0,0,0,0,LCM,0
1,2,0,0,0,0,LCM,0
1,3,0,0,0,0,LCM,0
1,4,0,0,0,0,LCM,1
1,5,0,0,0,0,LCM,1
1,6,0,0,0,0,LCM,1
1,7,0,0,0,0,LCM,1
1,8,0,0,0,0,LCM,1
1,9,0,0,0,0,LCM,1
1,10,0,0,0,0,LCM,1
1,11,0,0,0,0,LCM,1
1,12,0,0,0,0,LCM,1
1,13,0,0,0,0,LCM,1
1,14,0,0,0,0,LCM,1
1,15,0,0,0,0,LCM,1
1,16,0,0,0,0,LCM,0
1,17,0,0,0,0,LCM,0
1,18,0,0,0,0,LCM,0
1,19,0,0,0,0,LCM,0
1,20,0,0,0,0,LCM,1
1,21,0,0,0,0,LCM,1
1,22,0,0,0,0,LCM,1
1,23,0,0,0,0,LCM,1
1,24,0,0,0,0,LCM,1
1,25,0,0,0,0,LCM,1
1,26,0,0,0,0,LCM,1
1,27,0,0,0,0,LCM,1
1,28,0,0,0,0,LCM,1
1,29,0,0,0,0,LCM,1
1,30,0,0,0,0,LCM,1
1,31,0,0,0,0,LCM,1
1,32,1,0,0,0,LCM,0
1,33,1,0,0,0,LCM,0
1,34,1,0,0,0,LCM,0
1,35,1,0,0,0,LCM,0
1,36,1,0,0,0,LCM,1
1,37,1,0,0,0,LCM,1
1,38,1,0,0,0,LCM,1
1,39,1,0,0,0,LCM,1
1,40,1,0,0,0,LCM,1
1,41,1,0,0,0,LCM,1
1,42,1,0,0,0,LCM,1
1,43,1,0,0,0,LCM,1
1,44,1,0,0,0,LCM,1
1,45,1,0,0,0,LCM,1
1,46,1,0,0,0,LCM,1
1,47,1,0,0,0,LCM,1
1,48,1,0,0,0,LCM,0
1,49,1,0,0,0,LCM,0
1,50,1,0,0,0,LCM,0
1,51,1,0,0,0,LCM,0
1,52,1,0,0,0,LCM,1
1,53,1,0,0,0,LCM,1
1,54,1,0,0,0,LCM,1
1,55,1,0,0,0,LCM,1
1,56,1,0,0,0,LCM,1
1,57,1,0,0,0,LCM,1
1,58,1,0,0,0,LCM,1
1,59,1,0,0,0,LCM,1
1,60,1,0,0,0,LCM,1
1,61,1,0,0,0,LCM,1
1,62,1,0,0,0,LCM,1
1,63,1,0,0,0,LCM,1
2,0,2,0,0,0,ACL,0
2,1,2,0,0,0,ACL,0
2,2,2,0,0,0,ACL,0
2,3,2,0,0,0,ACL,0
2,4,2,0,0,0,ACL,1
2,5,2,0,0,0,ACL,1
2,6,2,0,0,0,ACL,1
2,7,2,0,0,0,ACL,1
2,8,2,0,0,0,ACL,1
2,9,2,0,0,0,ACL,1
2,10,2,0,0,0,ACL,1
2,11,2,0,0,0,ACL,1
2,12,2,0,0,0,ACL,1
2,13,2,0,0,0,ACL,1
2,14,2,0,0,0,ACL,1
2,15,2,0,0,0,ACL,1
2,16,2,0,0,0,ACL,0
2,17,2,0,0,0,ACL,0
2,18,2,0,0,0,ACL,0
2,19,2,0,0,0,ACL,0
2,20,2,0,0,0,ACL,1
2,21,2,0,0,0,ACL,1
2,22,2,0,0,0,ACL,1
2,23,2,0,0,0,ACL,1
2,24,2,0,0,0,ACL,1
2,25,2,0,0,0,ACL,1
2,26,2,0,0,0,ACL,1
2,27,2,0,0,0,ACL,1
2,28,2,0,0,0,ACL,1
2,29,2,0,0,0,ACL,1
2,30,2,0,0,0,ACL,1
2,31,2,0,0,0,ACL,1
2,32,3,0,0,0,ACL,0
2,33,3,0,0,0,ACL,0
2,34,3,0,0,0,ACL,0
2,35,3,0,0,0,ACL,0
2,36,3,0,0,0,ACL,1
2,37,3,0,0,0,ACL,1
2,38,3,0,0,0,ACL,1
2,39,3,0,0,0,ACL,1
2,40,3,0,0,0,ACL,1
2,41,3,0,0,0,ACL,1
2,42,3,0,0,0,ACL,1
2,43,3,0,0,0,ACL,1
2,44,3,0,0,0,ACL,1
2,45,3,0,0,0,ACL,1
2,46,3,0,0,0,ACL,1
2,47,3,0,0,0,ACL,1
2,48,3,0,0,0,ACL,0
2,49,3,0,0,0,ACL,0
2,50,3,0,0,0,ACL,0
2,51,3,0,0,0,ACL,0
2,52,3,0,0,0,ACL,1
2,53,3,0,0,0,ACL,1
2,54,3,0,0,0,ACL,0
2,55,3,0,0,0,ACL,1
2,56,3,0,0,0,ACL,1
2,57,3,0,0,0,ACL,1
2,58,3,0,0,0,ACL,1
2,59,3,0,0,0,ACL,1
2,60,3,0,0,0,ACL,1
2,61,3,0,0,0,ACL,1
2,62,3,0,0,0,ACL,1
2,63,3,0,0,0,ACL,1
3,0,2,0,0,0,LCM,0
3,1,2,0,0,0,LCM,0
3,2,2,0,0,0,LCM,0
3,3,2,0,0,0,LCM,0
3,4,2,0,0,0,LCM,1
3,5,2,0,0,0,LCM,1
3,6,2,0,0,0,LCM,1
3,7,2,0,0,0,LCM,1
3,8,2,0,0,0,LCM,1
3,9,2,0,0,0,LCM,1
3,10,2,0,0,0,LCM,1
3,11,2,0,0,0,LCM,1
3,12,2,0,0,0,LCM,1
3,13,2,0,0,0,LCM,1
3,14,2,0,0,0,LCM,1
3,15,2,0,0,0,LCM,1
3,16,2,0,0,0,LCM,0
3,17,2,0,0,0,LCM,0
3,18,2,0,0,0,LCM,0
3,19,2,0,0,0,LCM,0
3,20,2,0,0,0,LCM,1
3,21,2,0,0,0,LCM,1
3,22,2,0,0,0,LCM,1
3,23,2,0,0,0,LCM,1
3,24,2,0,0,0,LCM,1
3,25,2,0,0,0,LCM,1
3,26,2,0,0,0,LCM,1
3,27,2,0,0,0,LCM,1
3,28,2,0,0,0,LCM,1
3,29,2,0,0,0,LCM,1
3,30,2,0,0,0,LCM,1
3,31,2,0,0,0,LCM,1
3,32,3,0,0,0,LCM,0
3,33,3,0,0,0,LCM,0
3,34,3,0,0,0,LCM,0
3,35,3,0,0,0,LCM,0
3,36,3,0,0,0,LCM,1
3,37,3,0,0,0,LCM,1
3,38,3,0,0,0,LCM,1
3,39,3,0,0,0,LCM,1
3,40,3,0,0,0,LCM,1
3,41,3,0,0,0,LCM,1
3,42,3,0,0,0,LCM,1
3,43,3,0,0,0,LCM,1
3,44,3,0,0,0,LCM,1
3,45,3,0,0,0,LCM,1
3,46,3,0,0,0,LCM,0
3,47,3,0,0,0,LCM,1
3,48,3,0,0,0,LCM,0
3,49,3,0,0,0,LCM,0
3,50,3,0,0,0,LCM,0
3,51,3,0,0,0,LCM,0
3,52,3,0,0,0,LCM,1
3,53,3,0,0,0,LCM,1
3,54,3,0,0,0,LCM,1
3,55,3,0,0,0,LCM,1
3,56,3,0,0,0,LCM,1
3,57,3,0,0,0,LCM,1
3,58,3,0,0,0,LCM,1
3,59,3,0,0,0,LCM,1
3,60,3,0,0,0,LCM,1
3,61,3,0,0,0,LCM,0
3,62,3,0,0,0,LCM,1
3,63,3,0,0,0,LCM,1
4,0,5,0,0,0,ACL,0
4,1,5,0,0,0,ACL,0
4,2,5,0,0,0,ACL,0
4,3,5,0,0,0,ACL,0
4,4,5,0,0,0,ACL,1
4,5,5,0,0,0,ACL,1
4,6,5,0,0,0,ACL,1
4,7,5,0,0,0,ACL,1
4,8,5,0,0,0,ACL,1
4,9,5,0,0,0,ACL,1
4,10,5,0,0,0,ACL,1
4,11,5,0,0,0,ACL,1
4,12,5,0,0,0,ACL,1
4,13,5,0,0,0,ACL,1
4,14,5,0,0,0,ACL,1
4,15,5,0,0,0,ACL,1
4,16,5,0,0,0,ACL,0
4,17,5,0,0,0,ACL,0
4,18,5,0,0,0,ACL,0
4,19,5,0,0,0,ACL,0
4,20,5,0,0,0,ACL,1
4,21,5,0,0,0,ACL,1
4,22,5,0,0,0,ACL,1
4,23,5,0,0,0,ACL,1
4,24,5,0,0,0,ACL,1
4,25,5,0,0,0,ACL,1
4,26,5,0,0,0,ACL,1
4,27,5,0,0,0,ACL,1
4,28,5,0,0,0,ACL,1
4,29,5,0,0,0,ACL,1
4,30,5,0,0,0,ACL,1
4,31,5,0,0,0,ACL,1
4,32,4,0,0,0,ACL,0
4,33,4,0,0,0,ACL,0
4,34,4,0,0,0,ACL,0
4,35,4,0,0,0,ACL,0
4,36,4,0,0,0,ACL,1
4,37,4,0,0,0,ACL,1
4,38,4,0,0,0,ACL,1
4,39,4,0,0,0,ACL,1
4,40,4,0,0,0,ACL,1
4,41,4,0,0,0,ACL,1
4,42,4,0,0,0,ACL,1
4,43,4,0,0,0,ACL,1
4,44,4,0,0,0,ACL,1
4,45,4,0,0,0,ACL,1
4,46,4,0,0,0,ACL,1
4,47,4,0,0,0,ACL,1
4,48,4,0,0,0,ACL,0
4,49,4,0,0,0,ACL,0
4,50,4,0,0,0,ACL,0
4,51,4,0,0,0,ACL,0
4,52,4,0,0,0,ACL,1
4,53,4,0,0,0,ACL,1
4,54,4,0,0,0,ACL,1
4,55,4,0,0,0,ACL,1
4,56,4,0,0,0,ACL,1
4,57,4,0,0,0,ACL,1
4,58,4,0,0,0,ACL,1
4,59,4,0,0,0,ACL,1
4,60,4,0,0,0,ACL,1
4,61,4,0,0,0,ACL,1
4,62,4,0,0,0,ACL,1
4,63,4,0,0,0,ACL,1
5,0,5,0,0,0,LCM,0
5,1,5,0,0,0,LCM,0
5,2,5,0,0,0,LCM,0
5,3,5,0,0,0,LCM,0
5,4,5,0,0,0,LCM,1
5,5,5,0,0,0,LCM,1
5,6,5,0,0,0,LCM,1
5,7,5,0,0,0,LCM,1
5,8,5,0,0,0,LCM,1
5,9,5,0,0,0,LCM,1
5,10,5,0,0,0,LCM,1
5,11,5,0,0,0,LCM,1
5,12,5,0,0,0,LCM,1
5,13,5,0,0,0,LCM,1
5,14,5,0,0,0,LCM,1
5,15,5,0,0,0,LCM,1
5,16,5,0,0,0,LCM,0
5,17,5,0,0,0,LCM,0
5,18,5,0,0,0,LCM,0
5,19,5,0,0,0,LCM,0
5,20,5,0,0,0,LCM,1
5,21,5,0,0,0,LCM,1
5,22,5,0,0,0,LCM,1
5,23,5,0,0,0,LCM,1
5,24,5,0,0,0,LCM,1
5,25,5,0,0,0,LCM,1
5,26,5,0,0,0,LCM,1
5,27,5,0,0,0,LCM,1
5,28,5,0,0,0,LCM,1
5,29,5,0,0,0,LCM,1
5,30,5,0,0,0,LCM,1
5,31,5,0,0,0,LCM,1
5,32,4,0,0,0,LCM,0
5,33,4,0,0,0,LCM,0
5,34,4,0,0,0,LCM,0
5,35,4,0,0,0,LCM,0
5,36,4,0,0,0,LCM,1
5,37,4,0,0,0,LCM,1
5,38,4,0,0,0,LCM,1
5,39,4,0,0,0,LCM,1
5,40,4,0,0,0,LCM,1
5,41,4,0,0,0,LCM,1
5,42,4,0,0,0,LCM,1
5,43,4,0,0,0,LCM,1
5,44,4,0,0,0,LCM,1
5,45,4,0,0,0,LCM,1
5,46,4,0,0,0,001,1
5,47,4,0,0,0,LCM,1
5,48,4,0,0,0,LCM,0
5,49,4,0,0,0,LCM,0
5,50,4,0,0,0,LCM,0
5,51,4,0,0,0,LCM,0
5,52,4,0,0,0,LCM,1
5,53,4,0,0,0,LCM,1
5,54,4,0,0,0,LCM,1
5,55,4,0,0,0,LCM,1
5,56,4,0,0,0,LCM,1
5,57,4,0,0,0,LCM,1
5,58,4,0,0,0,LCM,1
5,59,4,0,0,0,LCM,1
5,60,4,0,0,0,LCM,1
5,61,4,0,0,0,LCM,1
5,62,4,0,0,0,LCM,1
5,63,4,0,0,0,LCM,1
6,0,6,0,0,0,ACL,0
6,1,6,0,0,0,ACL,0
6,2,6,0,0,0,ACL,0
6,3,6,0,0,0,ACL,0
6,4,6,0,0,0,ACL,1
6,5,6,0,0,0,ACL,1
6,6,6,0,0,0,ACL,1
6,7,6,0,0,0,ACL,1
6,8,6,0,0,0,ACL,1
6,9,6,0,0,0,ACL,1
6,10,6,0,0,0,ACL,1
6,11,6,0,0,0,ACL,1
6,12,6,0,0,0,ACL,1
6,13,6,0,0,0,ACL,1
6,14,6,0,0,0,ACL,1
6,15,6,0,0,0,ACL,1
6,16,6,0,0,0,ACL,0
6,17,6,0,0,0,ACL,0
6,18,6,0,0,0,ACL,0
6,19,6,0,0,0,ACL,0
6,20,6,0,0,0,ACL,1
6,21,6,0,0,0,ACL,1
6,22,6,0,0,0,ACL,1
6,23,6,0,0,0,ACL,1
6,24,6,0,0,0,ACL,1
6,25,6,0,0,0,ACL,1
6,26,6,0,0,0,ACL,1
6,27,6,0,0,0,ACL,1
6,28,6,0,0,0,ACL,1
6,29,6,0,0,0,ACL,1
6,30,6,0,0,0,ACL,1
6,31,6,0,0,0,ACL,1
6,32,7,0,0,0,ACL,0
6,33,7,0,0,0,ACL,0
6,34,7,0,0,0,ACL,0
6,35,7,0,0,0,ACL,0
6,36,7,0,0,0,ACL,1
6,37,7,0,0,0,ACL,1
6,38,7,0,0,0,ACL,1
6,39,7,0,0,0,ACL,1
6,40,7,0,0,0,ACL,1
6,41,7,0,0,0,ACL,1
6,42,7,0,0,0,ACL,1
6,43,7,0,0,0,ACL,1
6,44,7,0,0,0,ACL,1
6,45,7,0,0,0,ACL,1
6,46,7,0,0,0,ACL,1
6,47,7,0,0,0,ACL,1
6,48,7,0,0,0,ACL,0
6,49,7,0,0,0,ACL,0
6,50,7,0,0,0,ACL,0
6,51,7,0,0,0,ACL,0
6,52,7,0,0,0,ACL,1
6,53,7,0,0,0,ACL,1
6,54,7,0,0,0,ACL,1
6,55,7,0,0,0,ACL,1
6,56,7,0,0,0,ACL,1
6,57,7,0,0,0,ACL,1
6,58,7,0,0,0,ACL,1
6,59,7,0,0,0,ACL,1
6,60,7,0,0,0,ACL,1
6,61,7,0,0,0,ACL,1
6,62,7,0,0,0,ACL,1
6,63,7,0,0,0,ACL,1
7,0,6,0,0,0,LCM,0
7,1,6,0,0,0,LCM,0
7,2,6,0,0,0,LCM,0
7,3,6,0,0,0,LCM,0
7,4,6,0,0,0,LCM,1
7,5,6,0,0,0,LCM,1
7,6,6,0,0,0,LCM,1
7,7,6,0,0,0,LCM,1
7,8,6,0,0,0,LCM,1
7,9,6,0,0,0,LCM,1
7,10,6,0,0,0,LCM,1
7,11,6,0,0,0,LCM,1
7,12,6,0,0,0,LCM,1
7,13,6,0,0,0,LCM,1
7,14,6,0,0,0,LCM,1
7,15,6,0,0,0,LCM,1
7,16,6,0,0,0,LCM,0
7,17,6,0,0,0,LCM,0
7,18,6,0,0,0,LCM,0
7,19,6,0,0,0,LCM,0
7,20,6,0,0,0,LCM,1
7,21,6,0,0,0,LCM,1
7,22,6,0,0,0,LCM,1
7,23,6,0,0,0,LCM,1
7,24,6,0,0,0,LCM,1
7,25,6,0,0,0,LCM,1
7,26,6,0,0,0,LCM,1
7,27,6,0,0,0,LCM,1
7,28,6,0,0,0,LCM,1
7,29,6,0,0,0,LCM,1
7,30,6,0,0,0,LCM,1
7,31,6,0,0,0,LCM,1
7,32,7,0,0,0,LCM,0
7,33,7,0,0,0,LCM,0
7,34,7,0,0,0,LCM,0
7,35,7,0,0,0,LCM,0
7,36,7,0,0,0,LCM,1
7,37,7,0,0,0,LCM,1
7,38,7,0,0,0,LCM,1
7,39,7,0,0,0,LCM,1
7,40,7,0,0,0,LCM,1
7,41,7,0,0,0,LCM,1
7,42,7,0,0,0,LCM,1
7,43,7,0,0,0,LCM,1
7,44,7,0,0,0,LCM,1
7,45,7,0,0,0,LCM,1
7,46,7,0,0,0,LCM,1
7,47,7,0,0,0,LCM,1
7,48,7,0,0,0,LCM,0
7,49,7,0,0,0,LCM,0
7,50,7,0,0,0,LCM,0
7,51,7,0,0,0,LCM,0
7,52,7,0,0,0,LCM,1
7,53,7,0,0,0,LCM,1
7,54,7,0,0,0,LCM,1
7,55,7,0,0,0,LCM,1
7,56,7,0,0,0,LCM,1
7,57,7,0,0,0,LCM,1
7,58,7,0,0,0,LCM,1
7,59,7,0,0,0,LCM,1
7,60,7,0,0,0,LCM,1
7,61,7,0,0,0,LCM,1
7,62,7,0,0,0,LCM,1
7,63,7,0,0,0,LCM,1